[
    {
      "salary_id": 1,
      "emp_id": 1,
      "date": "01/02/2022",
      "basic_salary": 10000,
      "bonus": 5000,
      "insurance": 700,
      "professional_tax": 300
    },
    {
      "salary_id": 2,
      "emp_id": 2,
      "date": "01/02/2022",
      "basic_salary": 12000,
      "bonus": 5000,
      "insurance": 500,
      "professional_tax": 400
    },
    {
      "salary_id": 3,
      "emp_id": 3,
      "date": "01/02/2022",
      "basic_salary": 15000,
      "bonus": 2000,
      "insurance": 300,
      "professional_tax": 100
    },
    {
      "salary_id": 4,
      "emp_id": 4,
      "date": "01/02/2022",
      "basic_salary": 5000
    },
    {
      "salary_id": 5,
      "emp_id": 5,
      "date": "01/02/2022",
      "basic_salary": 5000
    },
    {
      "salary_id": 6,
      "emp_id": 6,
      "date": "01/02/2022",
      "basic_salary": 15500,
      "bonus": 2000,
      "insurance": "",
      "professional_tax": ""
    },
    {
      "salary_id": 7,
      "emp_id": 7,
      "date": "01/02/2022",
      "basic_salary": 35500,
      "bonus": 2000,
      "insurance": "",
      "professional_tax": ""
    },
    {
      "salary_id": 8,
      "emp_id": 8,
      "date": "01/02/2022",
      "basic_salary": 45500,
      "bonus": 2000,
      "insurance": 200
    },
    {
      "salary_id": 9,
      "emp_id": 9,
      "date": "01/02/2022",
      "basic_salary": 25500,
      "bonus": 2000,
      "insurance": 200,
      "professional_tax": ""
    },
    {
      "salary_id": 11,
      "emp_id": 1,
      "date": "01/01/2022",
      "basic_salary": "15000",
      "bonus": 2000,
      "insurance": 200,
      "professional_tax": ""
    },
    {
      "salary_id": 12,
      "emp_id": 2,
      "date": "01/01/2022",
      "basic_salary": 11200,
      "bonus": 2000,
      "insurance": 200,
      "professional_tax": ""
    },
    {
      "salary_id": 13,
      "emp_id": 3,
      "date": "01/01/2022",
      "basic_salary": "7400",
      "bonus": 2000,
      "insurance": 200,
      "professional_tax": ""
    },
    {
      "salary_id": 14,
      "emp_id": 4,
      "date": "01/01/2022",
      "basic_salary": 3600,
      "bonus": 2000,
      "insurance": 200,
      "professional_tax": ""
    },
    {
      "salary_id": 15,
      "emp_id": 5,
      "date": "01/01/2022",
      "basic_salary": 8000,
      "bonus": 2000,
      "insurance": "",
      "professional_tax": ""
    },
    {
      "salary_id": 16,
      "emp_id": 1,
      "date": "01/12/2021",
      "basic_salary": 4000,
      "bonus": 2000,
      "insurance": "",
      "professional_tax": ""
    },
    {
      "salary_id": 17,
      "emp_id": 2,
      "date": "01/12/2021",
      "basic_salary": 7800,
      "bonus": 2000,
      "professional_tax": ""
    }
  ]